{
  "version": 1,
  "author": "Özlem Yılmaz",
  "editor": "wokwi",
  "parts": [
    {
      "type": "wokwi-breadboard-half",
      "id": "bb1",
      "top": -2.5,
      "left": 205.3,
      "rotate": 270,
      "attrs": {}
    },
    { "type": "wokwi-arduino-uno", "id": "uno", "top": -9, "left": -77.4, "attrs": {} },
    { "type": "wokwi-led", "id": "led1", "top": -61.2, "left": 359, "attrs": { "color": "red" } },
    {
      "type": "wokwi-led",
      "id": "led2",
      "top": 130.8,
      "left": 359,
      "attrs": { "color": "green" }
    },
    {
      "type": "wokwi-led",
      "id": "led3",
      "top": 15.6,
      "left": 359,
      "attrs": { "color": "yellow" }
    },
    {
      "type": "wokwi-resistor",
      "id": "r1",
      "top": 4.8,
      "left": 364.25,
      "rotate": 90,
      "attrs": { "value": "220" }
    },
    {
      "type": "wokwi-resistor",
      "id": "r2",
      "top": -5.65,
      "left": -57.6,
      "attrs": { "value": "1000" }
    },
    {
      "type": "wokwi-resistor",
      "id": "r3",
      "top": 81.6,
      "left": 364.25,
      "rotate": 90,
      "attrs": { "value": "220" }
    },
    {
      "type": "wokwi-resistor",
      "id": "r4",
      "top": 196.8,
      "left": 364.25,
      "rotate": 90,
      "attrs": { "value": "220" }
    }
  ],
  "connections": [
    [ "led1:C", "bb1:tn.21", "black", [ "v0" ] ],
    [ "led2:C", "bb1:tn.6", "black", [ "v0" ] ],
    [ "bb1:22b.f", "uno:2", "red", [ "h0" ] ],
    [ "led1:A", "bb1:28b.f", "", [ "$bb" ] ],
    [ "led2:A", "bb1:8b.f", "", [ "$bb" ] ],
    [ "led3:A", "bb1:20b.f", "", [ "$bb" ] ],
    [ "r1:1", "bb1:28b.g", "", [ "$bb" ] ],
    [ "r1:2", "bb1:22b.g", "", [ "$bb" ] ],
    [ "r3:1", "bb1:20b.g", "", [ "$bb" ] ],
    [ "r3:2", "bb1:14b.g", "", [ "$bb" ] ],
    [ "r4:1", "bb1:8b.g", "", [ "$bb" ] ],
    [ "r4:2", "bb1:2b.g", "", [ "$bb" ] ],
    [ "led3:C", "bb1:tn.16", "black", [ "v0" ] ],
    [ "r3:2", "uno:3", "gold", [ "h0" ] ],
    [ "bb1:2b.f", "uno:4", "green", [ "h0" ] ],
    [ "bb1:tn.25", "uno:GND.1", "black", [ "h0" ] ]
  ],
  "dependencies": {}
}