{
  "version": 1,
  "author": "Uri Shaked",
  "editor": "wokwi",
  "parts": [
    {
      "type": "board-esp32-devkit-c-v4",
      "id": "esp",
      "top": 9.6,
      "left": -100.76,
      "attrs": { "env": "micropython-20231005-v1.21.0" }
    },
    { "type": "board-ssd1306", "id": "oled1", "top": 99.14, "left": 57.83, "attrs": {} },
    { "type": "wokwi-mpu6050", "id": "imu1", "top": -15.38, "left": 127.12, "attrs": {} }
  ],
  "connections": [
    [ "esp:TX", "$serialMonitor:RX", "", [] ],
    [ "esp:RX", "$serialMonitor:TX", "", [] ],
    [ "oled1:SCL", "esp:22", "green", [ "v0" ] ],
    [ "oled1:SDA", "esp:21", "blue", [ "v-19.2", "h-124.73" ] ],
    [ "oled1:GND", "esp:GND.2", "black", [ "v-67.2", "h-96" ] ],
    [ "oled1:VCC", "esp:3V3", "red", [ "v-28.8", "h0.15", "v-76.8", "h-201.75" ] ],
    [ "imu1:VCC", "esp:3V3", "red", [ "v-38.4", "h-326.32", "v86.4" ] ],
    [ "imu1:GND", "esp:GND.2", "black", [ "v-28.8", "h-191.92", "v9.6" ] ],
    [ "imu1:SCL", "esp:22", "green", [ "v-9.6", "h-163.12", "v76.8" ] ],
    [ "imu1:SDA", "esp:21", "blue", [ "v-19.2", "h-134.32", "v124.8" ] ]
  ],
  "dependencies": {}
}